bjd,rv,rverr,inst,nspec
2453031.7832627,6.3836255,1.380373,HARPS_pre_072,1
2453034.8203095,0.1532924999999998,1.240139,HARPS_pre_072,1
2453358.8062269,-8.2769985,1.401627,HARPS_pre_oth,1
2453359.83542,0.9191084999999999,1.375263,HARPS_pre_oth,1
2453360.7900974,5.1883455000000005,1.415246,HARPS_pre_oth,1
2453363.7679115,2.3549915,1.497466,HARPS_pre_oth,1
2453484.5903831,11.3439285,1.106967,HARPS_pre_072,1
2453491.5355279,7.0700935000000005,1.539707,HARPS_pre_072,1
2453543.4976374,-1.2298235,2.602558,HARPS_pre_072,1
2453699.860735,-5.8193015,1.326671,HARPS_pre_072,1
2453725.8546935,-6.0538685,1.262462,HARPS_pre_072,1
2453760.7649391,-2.5881735000000003,1.225066,HARPS_pre_072,1
2453762.7081046,-1.4814115000000003,0.958376,HARPS_pre_072,1
2453764.782304,-7.4101525,1.286648,HARPS_pre_072,1
2453781.7146979,-6.1926435,1.122791,HARPS_pre_072,1
2453789.7236811,-9.1830175,1.612726,HARPS_pre_072,1
2453866.5324795,0.058184500000000014,1.210887,HARPS_pre_072,1
2454046.870066,0.7269014999999999,2.645741,HARPS_pre_oth,1
2454058.8389702,1.3577124999999999,2.300651,HARPS_pre_oth,1
2454076.7887211,2.0016825,3.263277,HARPS_pre_oth,1
2454098.7464458,4.0800885000000005,2.277505,HARPS_pre_oth,1
2454103.7972588,4.5512395,2.572414,HARPS_pre_oth,1
2454112.7755731,3.6093245,2.666344,HARPS_pre_oth,1
2454121.773976,-0.0581845,1.278889,HARPS_pre_072,1
2454124.6571732,10.775337500000001,2.527551,HARPS_pre_oth,1
2454125.783292,3.2468595,2.088344,HARPS_pre_oth,1
2454134.713478,-3.8077675,1.452836,HARPS_pre_072,1
2454143.7264106,-6.0847725,1.299326,HARPS_pre_072,1
2454233.5602132,-9.8154835,1.503756,HARPS_pre_072,1
2454429.8075831,-11.7756005,1.914246,HARPS_pre_072,1
2454430.8071139,-6.4190265,1.336266,HARPS_pre_072,1
2454438.8515738,-7.401056499999999,1.197304,HARPS_pre_072,1
2454478.8280698,8.6073235,1.273865,HARPS_pre_072,1
2454486.7336009,0.7657015,1.343927,HARPS_pre_072,1
2454520.6775289,-1.2515395000000002,1.341629,HARPS_pre_072,1
2454527.6783018,-6.4471885,1.230844,HARPS_pre_072,1
2454540.6948384,-6.1499505,1.400132,HARPS_pre_072,1
2454541.6976536,-2.1435975000000003,1.35357,HARPS_pre_072,1
2454548.6239727,-6.528132500000001,1.597384,HARPS_pre_072,1
2454554.6305829,-3.9162105000000005,1.102228,HARPS_pre_072,1
2454555.6272456,4.5314185,1.129612,HARPS_pre_072,1
2454556.6213293,-0.6538045000000001,1.355159,HARPS_pre_072,1
2454557.5687948,-9.1511675,1.41518,HARPS_pre_072,1
2454562.5448338,-5.681759500000001,0.792105,HARPS_pre_072,1
2454564.5387321,4.2051885,1.160532,HARPS_pre_072,1
2454565.5652669,-3.8223375000000006,1.134321,HARPS_pre_072,1
2454566.5314828,-8.359797499999999,1.146081,HARPS_pre_072,1
2454567.598479,-0.8496795000000001,1.12355,HARPS_pre_072,1
2454568.5343181,2.2837505,1.199985,HARPS_pre_072,1
2454569.5520477,0.4182324999999999,1.194859,HARPS_pre_072,1
2454571.5466261,-5.2294825,1.304146,HARPS_pre_072,1
2454582.5628376,-5.1325965,1.411198,HARPS_pre_072,1
2454812.82947,-5.4042935,1.607105,HARPS_pre_072,1
2454840.7071177,-5.8526235,1.299295,HARPS_pre_072,1
2454871.640882615,10.118021058148628,1.1489159415612364,HARPS_pre_072,2
2454872.7771604,2.8499335,1.358645,HARPS_pre_072,1
2454902.7571028,1.1248354999999999,1.303663,HARPS_pre_072,1
2454921.5988352,0.21235949999999992,1.266857,HARPS_pre_072,1
2454922.5269789,52.23823849999999,1.213255,HARPS_pre_072,1
2454930.5164184,-0.2064475,1.235815,HARPS_pre_183,1
2454931.5882318,3.4335035,1.423436,HARPS_pre_183,1
2455217.7982409,-1.5225155000000001,1.557919,HARPS_pre_183,1
2455222.7369071,-10.323312500000002,1.129133,HARPS_pre_183,1
2455240.7120783,-5.9262065,1.423308,HARPS_pre_183,1
2455262.5993359,0.10068950000000002,1.197048,HARPS_pre_183,1
2455263.6361233,7.236150500000001,1.432137,HARPS_pre_183,1
2455266.6642791,-0.5543185000000002,1.352678,HARPS_pre_183,1
2455293.6311302,3.7055624999999996,1.089342,HARPS_pre_oth,1
2455301.5313074,-1.0071255000000001,1.211126,HARPS_pre_oth,1
2455306.5417204,4.2955505,1.140371,HARPS_pre_oth,1
2455587.750369,-2.2058985000000004,1.465452,HARPS_pre_183,1
2455658.5806827,1.8109064999999998,0.77365,HARPS_pre_oth,1
2455664.6145727,15.058735500000001,1.753837,HARPS_pre_183,1
2455695.4744095,10.9385035,1.194852,HARPS_pre_oth,1
2456052.5993307,4.1187885,1.62719,HARPS_pre_oth,1
2456058.5582338,11.7276895,1.335648,HARPS_pre_oth,1
2456084.4678319,19.348291500000002,1.608872,HARPS_pre_oth,1
2456089.4878925,7.4063035,1.59962,HARPS_pre_oth,1
2456316.8405013,-3.4346015000000008,1.28018,HARPS_pre_oth,1
2456351.6612821,0.9664964999999999,1.346879,HARPS_pre_oth,1
2456383.7294642,-1.5267435000000005,1.760037,HARPS_pre_oth,1
2456456.4861152,1.3111804999999999,1.884624,HARPS_pre_oth,1
2456681.7941844,13.089539499999999,1.638912,HARPS_pre_oth,1
2456696.8226121,6.4532405,1.393685,HARPS_pre_oth,1
2456723.634734,7.4274885,1.180496,HARPS_pre_oth,1
2456725.6251867,4.5240855,1.212076,HARPS_pre_oth,1
2456729.6071384,-0.49204850000000006,1.70697,HARPS_pre_oth,1
2456732.6527493,5.5225905,0.90756,HARPS_pre_oth,1
2456814.495565,-3.4437035000000003,1.499746,HARPS_pre_oth,1
2457147.5510779,-0.2716785000000001,2.143474,HARPS_pre_oth,1
2457356.8192802,-1.1892385000000003,1.27655,HARPS_post,1
2457847.5630459,-2.6211225000000002,1.631945,HARPS_post,1
2458090.8336494,8.3512845,1.729145,HARPS_post,1
2458091.8609287,-1.0851345000000001,1.884136,HARPS_post,1
2458113.7803688236,-0.861870188864704,1.1045160940866303,HARPS_post,2
2458127.8386943,4.8357305,1.504047,HARPS_post,1
2458129.870076,-1.7604795000000002,1.406457,HARPS_post,1
2458132.8076727,7.4620835,1.437242,HARPS_post,1
2458162.74712,0.7523394999999999,1.710425,HARPS_post,1
2458203.6264652,-8.3344975,1.359778,HARPS_post,1
2458516.8506383,13.961299499999999,1.7930829999999998,HARPS_post,1
2458562.6498582,-1.1261835000000002,1.68431,HARPS_post,1
2459270.7145136,-1.1631295,2.427022,HARPS_post,1
2459567.8372211,1.4454434999999999,1.541011,HARPS_post,1
