star,n,shared,z0,zc_med,zc_max
BD-022880,40,0,19687.336589230727,5570.795848231548,52850.78839139346
BD-114672,45,3,0.9893254478822272,1.6714231961771286,9.371587786265973
BD-132130,59,4,0.9660403356196825,0.8249298830243643,7.889234296455646
BD-17751,46,3,27523.063728523663,12466.331351564588,37463.50659462067
CD-287935,45,0,853.8181877050498,20811.301186927027,104427.60012334232
CD-4215773,32,0,13254.285876357455,1593.3358878938807,8668.506649098736
CD-4911401,32,2,2.141626001424863,1.2731764934952718,8.149780540483079
CD-4911404,74,2,7.27999178078864,0.9924465777179282,7.547537243199881
CD-4911415,34,2,3.8678267542639744,1.1197366017335897,8.983206519427013
GJ1,110,0,6.555244581014338,1.3373457208612278,6.000251500134839
GJ1020,32,0,0.011630952036942975,1.0629126687336448,5.131681592032355
GJ1044,98,5,1.0480215718228905,1.567428877099708,8.469983993247475
GJ1056,31,3,3.399318852131024,0.999918549989862,13.373773162604518
GJ105A,45,7,0.28729211263390864,1.9650393463244613,7.8909478466083005
GJ1061,153,7,0.1778065692403797,1.8269218819072208,8.373440433913114
GJ1075,34,1,0.19268345452774674,1.1120273294797056,5.974645219428511
GJ1079,78,0,0.1604124173876556,0.8678241915276859,5.5605881617815465
GJ108,81,3,1.2050332907938135,1.0015481738779948,5.1354925604319535
GJ1085,123,3,0.11104646034859153,0.8005207639123746,6.715281347058789
GJ1126,67,3,7.025896970714548,1.4823675922525665,7.916517309834443
GJ1137,137,6,2.3955729167775193,1.5144740605933078,7.057754300996939
GJ115,52,0,2.1874346037746557,2.52325896059037,11.033130633908781
GJ1191,72,2,0.012223922558297545,1.1415863000386262,8.289387287819249
GJ1214,89,2,1.706621769836068,1.7204971576004193,11.952353292116838
GJ1239,43,0,0.24538089074405792,0.7232088320740269,4.588608272150226
GJ1252,30,0,2.4021915855205145,1.3558718381483312,3.122752704450474
GJ126,72,0,2.1489560300708987,1.2547381340771415,7.018931131989631
GJ128,41,0,0.42592041693611726,1.0978024802560546,4.583836394348465
GJ132,77,0,1.5757089276472303,1.219154915593101,3.227374082110937
GJ138,149,3,1.102320113895346,0.7737507780849358,5.079569306343822
GJ143,58,1,3.1905802173013917,1.2728023159803168,5.178649826983938
GJ146,45,5,0.6111229812236955,1.790693958619522,12.093481695488922
GJ149,30,9,5.397306158258869,1.3633157764039314,6.845255555627229
GJ150.0,150,1,0.2859531976144711,1.2223486496116363,5.841539684300878
GJ159,36,0,7.147279948068768,1.152648700612186,7.839880189077886
GJ163,204,10,0.02769440198882736,0.6398081681113933,3.689249862354628
GJ17,381,4,2.4128704145403157,1.5079771735074232,5.188691567846397
GJ177,42,0,3.582947219354045,1.3501012032508937,5.994349128611153
GJ180,55,0,0.041149421700119884,1.2042978035667486,6.030409704243942
GJ183,41,3,1.0909127464543706,1.8192345469360451,6.8226068539983284
GJ19,34,1,0.36085849898260103,1.549020854913032,6.46297692838506
GJ191,217,7,0.30971869120701034,1.1927270054757382,12.68156957085727
GJ204,110,4,0.10626636162606165,1.0770979019631695,6.820791625471301
GJ2046,260,17,0.4398725781955884,1.3262087172439552,7.677251384826133
GJ2049,55,0,0.19336397657008275,1.6401342791338966,11.22187100727823
GJ205,74,2,3.0913273897848597,0.6092910766763786,2.900367471850822
GJ2066,108,4,0.9092813266837674,0.6341258284327953,4.674652167732687
GJ2126,113,7,2.156879170067019,1.7211636171289353,7.751303612317159
GJ213,128,2,0.4988031828727208,1.5274794259644526,11.883505184658368
GJ221,119,11,0.8820539824932584,1.0249653607030957,5.534634665216218
GJ223.3,52,2,1.9652362902934981,1.2161899343830738,9.09270817848511
GJ224,43,0,1.8005573014011615,0.7734575377228643,3.033221162778467
GJ225.1,76,6,0.3688160288927391,0.9777840208321572,3.9006477520087706
GJ253,224,2,1.5766495011676014,0.8868363959822111,3.864840740840869
GJ260,38,0,0.15661776450726625,1.8378299176299913,7.05686863925514
GJ273,264,8,0.07606903165863164,1.72791269628883,9.500132762790313
GJ275,165,6,5.12017699060595,1.6668237537406738,5.8955721377995784
GJ279,76,8,0.6389270598763265,0.6175719554562626,2.7719628934656693
GJ29,139,1,2.303627720215782,0.7259867846353383,7.245917378091909
GJ293.1,69,1,1.8117776148160778,1.383836051243518,6.970884955538202
GJ294A,297,9,0.8424143827109134,1.475578466193212,5.851833319863755
GJ3,87,2,0.3965755534166153,1.1032642946645517,7.075588875219404
GJ300,39,2,2.5216644294466732,2.3980198371164083,9.093903696898169
GJ302,281,12,1.8593067842095055,1.4828104515607903,7.389640040199766
GJ3053,146,6,2.361450736374528,0.9493894409583801,6.759903749235633
GJ3082,43,0,3.0837313134331255,1.3055414404081054,7.602004368562737
GJ309,167,8,2.7260338022740758,1.175098411520538,6.019765397587794
GJ3090,51,1,0.14812048187222693,0.544139162383181,2.721057263876037
GJ312,166,5,1.5143352496169624,1.3874559170093552,6.293209944640836
GJ313,30,0,3.877469253555648,3.664772439820977,9.67578317110177
GJ3138,186,2,0.7282320737080523,0.9673643514047277,5.973995708779762
GJ3148,64,0,0.04111322429200923,0.607264209865036,4.182382340206178
GJ317,107,8,0.1264607997158185,1.3322882509478469,6.4072596568995275
GJ3187,74,1,0.1959783863057061,1.2560301631240254,8.66476352436593
GJ3200,75,0,0.6439557454883192,0.8758766847228481,6.9285858856792
GJ3222,30,0,3.127906219158801,1.3246811132791916,6.4715218153859855
GJ327,50,0,0.48182762779572713,1.0007706654673925,5.173409899016287
GJ3293,216,1,0.1911891215461528,0.8340211389019656,4.300044614126967
GJ33,42,1,0.18208862889465102,1.666131272968437,7.307301136171113
GJ3323,150,2,3.829138280877893,1.4839269223719889,7.505692129045277
GJ3341,137,0,323.82200018177423,331.77772413142895,416.78326410159525
GJ3376,57,1,3.904290106575009,1.1936656714845266,8.15760054397167
GJ3389,52,0,0.9973613115019895,1.2991094103294683,8.509160058047348
GJ341,57,6,3.857414708899061,1.6723013361870058,10.808512046971432
GJ3436,167,3,1.672346724802372,0.6241618592651044,2.4423274162937907
GJ3446,94,0,1.5180555977702346,1.8682527145087546,9.333611032929566
GJ3449,34,3,2.3051859902381917,1.2602808694732912,7.356665163486828
GJ3470,123,2,2.975474987932027,1.617986434297654,7.6265645859846485
GJ3543,96,2,0.1209307726119411,0.9215030304307092,6.335035303220048
GJ357,53,2,1.9560153116174004,1.183514033722491,7.388532346992303
GJ358,38,2,0.44574203041713584,0.8183557737151421,2.7125506757311943
GJ361,101,4,0.4310302768435462,0.6957728094947793,4.565060876381074
GJ3634,70,2,3.9951876285251,0.9213948710706497,5.532656712489873
GJ3648,75,3,0.8680917920529195,1.6814232906058644,3.1335813183827645
GJ367,154,3,2.0237044565280673,0.5761673187211722,4.671527636669471
GJ3677,40,1,5.393245087106672,1.437509391908646,6.0280530719096586
GJ369,46,1,0.8458433587125838,1.0184556412003458,3.3147533417801256
GJ3752,58,0,3.3025610725397847,3.706232535610897,7.965386053603437
GJ3769,40,1,0.30975292977995245,0.8838069416545958,3.3229792784480536
GJ379.1,57,1,6.231735213643762,3.0177806420704045,7.541557863349719
GJ382,37,1,0.9572940748847116,0.7921582621757361,5.250305340370243
GJ3822,68,4,0.4981321794937402,1.0124205231206274,5.786512818371006
GJ3830,52,2,4.3025602218602,1.4258454193659114,6.747694790270118
GJ3871,37,1,2.0542102479883333,0.7769404867701053,3.5962141041717284
GJ388,124,3,0.029729785276784472,0.16323803110973203,1.0251425780680665
GJ3896,37,0,0.6806505944902784,2.6794927823928525,7.668061340869141
GJ390,43,3,1.9663394911071967,1.4000258857891554,10.005577210059169
GJ393,176,10,0.9568113876603642,0.6582493628040862,7.571522024628233
GJ3969,35,1,0.264079342435394,1.2983520575079464,5.729430762251697
GJ3970,37,1,1.510049071885626,1.4740581245832596,6.705441515505244
GJ398.1,48,3,0.415159334216814,1.4725044004582069,10.31099315670496
GJ4001,31,3,6.969363013582939,7.235764225356855,20.727275981720126
GJ406,64,3,1.6104554165523808,2.2337578079342686,5.665210765976644
GJ4100,128,0,0.046555249345377185,1.3842114084240347,8.077453936862058
GJ423.1,78,8,2.571181653882114,1.7428694874904715,6.592263240236044
GJ429.2,37,3,8.96645865302605,3.0570785241402865,10.076187577302038
GJ4291,330,2,4.122674034968367,0.8589765264859994,5.966879928291239
GJ4303,80,0,1.4339928477152308,1.341382518993107,5.876755739606193
GJ433,85,4,2.4094397073344993,1.1042739325460043,6.144567927910479
GJ4340,34,1,0.2281499725606499,1.3518433764159306,4.870736593187728
GJ436,135,13,0.20866325385096965,0.7656018999562617,4.479667262666893
GJ442,102,4,2.604415772404228,1.8806290657536584,7.542411493769166
GJ446,77,3,1.5981881819947408,1.4529316915814552,7.9354129371097
GJ447,247,5,0.6292658180062076,1.3484066685267366,5.961644100860518
GJ472,444,14,0.988012854779344,0.9608623098438027,3.1265838067989957
GJ479,57,12,1.4777473099534868,1.1400102185788001,5.452885173792619
GJ496.1,92,10,1.246120829640844,1.3420715173081588,7.5066015147655465
GJ506,233,17,2.7697361238771867,1.2338607438426175,50.307276040758886
GJ514,156,5,0.9172833364276503,0.7267409217156542,2.5493481653625123
GJ526,32,2,0.7664104688258878,0.4359462391695057,1.6300660400036129
GJ536,191,11,0.5446502408380005,1.1588855268533316,5.121537931447311
GJ54.1,295,6,0.36053909243032434,1.1149798162699391,6.574460700779026
GJ541.1,136,10,0.21518585416837757,1.042997321830218,7.578767676118345
GJ542,74,10,2.0543521892329104,1.1720371617540235,5.2808498296290844
GJ544,42,3,0.6850824102536993,2.9349097229011973,6.930305044982518
GJ550,139,3,1.8690424216804962,0.9213642407590866,4.806471378901524
GJ551,229,0,3.7515585144213994,1.070038795926393,7.693728459028375
GJ559B,353,23,7.947848374644951,4.747023914852928,19.293069089472578
GJ565,38,3,0.9174712037682815,1.2348312406095965,8.418179132599708
GJ579.2,42,3,0.8120623047108559,0.909278242517546,3.3285287787203455
GJ58,36,1,0.39278050658867,1.7975434983679448,5.175433793009684
GJ581,248,9,1.7542347826642688,1.6363599288631003,11.037558550564802
GJ587,98,2,1.9355605839823127,1.620522694292206,6.3332895503752535
GJ588,84,0,1.7203823173242039,1.0612114268849584,5.199718741075182
GJ604,51,2,1.197167116231332,1.6282500323458722,7.088832794608924
GJ613.0,272,8,3.3699640145557574,1.022298385427372,4.769528663581243
GJ615,59,0,0.6344982209293789,0.6735229699993899,3.424664957212353
GJ616,208,2,0.6245384289885356,1.484691003348399,7.535084281576801
GJ628,189,11,0.021048876615417624,1.2069709042286196,8.158329050935738
GJ634.1,114,7,1.2161723604019394,0.9505666885047326,3.4595436371328625
GJ641,37,3,0.056050090967068165,1.494306586217791,8.531521306198018
GJ653,70,5,0.6015583917646027,1.4023136594640913,5.526722339806468
GJ654,187,4,1.6015731837420837,0.9271070129365075,8.799194439812673
GJ656,431,10,3.08257561100761,0.8559452886151673,3.350712342544965
GJ660.1,48,6,18.24816161402358,3.515236078132991,21.638824978966962
GJ667,268,15,28.566462058776242,16.539815490928863,84.29475047101646
GJ674,248,6,0.9451089621117502,3.2220240717778097,20.127051277069754
GJ676,134,7,1.5671922148014341,0.9421008949672333,5.116004291965971
GJ680,40,1,0.7102493372651957,2.4716047867963162,6.857049080189036
GJ688,34,3,380.20294466948997,782.4021617597227,4369.753529598208
GJ691,161,4,7.307852096524239,1.2986019475355715,10.157078916021884
GJ695.1,47,0,1.1841452084762294,1.1507317689878906,3.5844682360375524
GJ696,42,1,2.6446777652424527,1.0480351131617622,4.808091526538634
GJ699,214,1,0.3485777612617693,1.035777844134964,5.876100236806218
GJ701,152,3,1.2453206442844933,0.6737707552277468,5.311801281200391
GJ707,65,1,1.6681390746905405,0.7289155515467485,5.501875324902111
GJ715,64,2,1.3843903088021619,1.0533907764165023,4.803797581026419
GJ724.2,36,1,0.31264757986765773,0.9591036753288887,6.217467301129338
GJ729,96,0,1.9304194974406963,1.0367465490990164,6.469601985466492
GJ740,59,1,0.17985176204188857,1.326515610600812,4.393638024040459
GJ744,119,2,3.0685776319907867,1.5581775548828412,7.186836008028987
GJ752,146,2,1.0034565074433464,0.7059454041781564,4.664946722940021
GJ754,185,1,0.22824400604227812,0.8367620968140614,16.40780934667756
GJ776,260,5,0.8755374654299762,1.2268204096473376,5.603282324456534
GJ780,429,3,2.0684015710617616,1.008079577111684,5.577357679210299
GJ782,32,0,145.4920541799,450.21040516753965,1373.3566521794137
GJ784,40,1,2.9394824932945047,1.1013361182351649,4.482811924775442
GJ785,430,4,0.8497495662838902,0.7162281584605819,5.5865166596086295
GJ787,46,0,1.4155853152241886,2.0981926427987565,11.360174607180197
GJ792.1,37,1,2.738219581950786,3.4465581052545535,6.722985624423539
GJ796,34,1,0.04244579401107456,1.764492299262793,7.538526417609046
GJ797,44,0,2.195311930514188,1.334897913865315,4.750837378548562
GJ798,65,2,1.117561258676662,1.6455453892559586,7.0160543117163785
GJ803,30,0,6.560383915727614,1.5221046703983503,7.742138654335077
GJ812.1,179,0,0.3889081281276655,1.0640926433561027,6.181066327046298
GJ825,85,0,0.6829841026526952,0.8608274308591171,7.142289449056783
GJ825.2,87,0,2.519409497500902,1.2459181292902644,4.932279785032117
GJ827.1,45,0,2.294772158334316,1.1841394297385721,6.55973128505347
GJ838,156,2,0.6250810845910272,1.0671251154108898,3.4290740517610874
GJ845,202,3,2.9038358224167213,0.6210527370666341,4.593620920482018
GJ846,54,1,0.19502959467218575,1.0914795754008704,3.992511269618437
GJ849,75,0,2.2513676881174916,1.0717091201157487,4.397597477872221
GJ849.1,43,0,1.6338254530058085,1.3125969693899964,5.212367869348672
GJ851.3,115,2,4.240982311101186,1.9355918220340207,8.008936870040138
GJ853,64,1,1.0311410312135318,1.6046365495813013,8.30095407129936
GJ855,36,0,0.7920520246010087,1.2031014433366876,6.6452243971335
GJ862,37,0,1.2573179874574056,2.1736825001782236,8.05943600576526
GJ87,156,1,0.47306505789027686,0.9138024560575411,5.056494762858422
GJ876,250,3,0.037156485311378856,0.876068922864391,10.306892268580299
GJ877,49,0,0.17587196106856218,0.9601074405102701,10.803582119498506
GJ880,140,2,0.03675804391761309,1.2040013185011142,3.2923432295533734
GJ881,31,0,6.483933287668583,6.2186429917746295,24.529672816890304
GJ887,183,5,1.7209817303046835,1.1408355747985026,10.279159725750514
GJ9008,151,1,1.0098415731161394,1.045929803869587,3.82854324951915
GJ9012,34,0,1.6508062484487673,2.0575109859399197,7.425968033391392
GJ902,46,1,0.974647351975142,1.1178278722554218,4.405237457735613
GJ9024,34,0,1.5317696080689827,1.4579123615658363,5.245963074505299
GJ9055,60,0,1.8368165503891025,0.9841417762899658,3.8495359736695036
GJ9075,52,0,8.591759845258155,2.401851604391234,9.897103722174963
GJ908,87,0,3.3287161235616085,1.380983470635596,9.362211870202515
GJ9121,144,2,0.7901976662918022,1.7691589892416313,10.817757314531566
GJ9156,44,0,1.4575796229149796,0.9762876936539626,8.428299588351368
GJ9191,275,4,0.509228039212495,1.2444523589796461,7.0705745829223074
GJ9201,86,2,0.08700148348215114,1.1821403391988077,5.137165888412511
GJ9219,37,3,0.14385579665525491,1.2916171318278349,5.562320313575997
GJ9222,44,4,0.5884735532437388,1.9118589698026112,7.886765537571828
GJ9223,30,2,0.12590314319726378,1.2602953060155964,6.486997002942024
GJ9241,32,0,0.6664704376568726,1.8673877295136556,11.221595134737472
GJ9255,85,3,2.418412048689904,2.9607672298053456,11.037983892351361
GJ9263,67,2,1.2892415435577709,1.7022061270446935,6.457031830468557
GJ9296,35,10,2.6125243562764897,1.471808878510274,7.463056564874291
GJ9322,93,2,1.182305230184978,1.168764990922789,8.043458527769632
GJ9356,37,6,0.7682514918656255,1.9851576026344397,6.103525753830925
GJ9396,137,2,2.789768894311428,1.211176105709571,10.281520687398135
GJ9429,36,0,0.6574112040110248,0.9441399390880911,4.100293255404876
GJ9479,121,21,1.4072301125432736,1.0409006738770261,5.965692071672812
GJ9482,59,8,1.120831867312757,1.607203733516251,8.058745370356489
GJ95,41,0,0.12133663820179058,0.6532267425655888,2.43249159782875
GJ9527,41,0,1.957552132410473,0.915660398411621,3.498005398195453
GJ9592,148,4,4.376944862483382,0.8528853897567856,4.12663896669794
GJ9659,76,0,0.06402876857079777,1.0814255310568541,2.9931371127458593
GJ97,34,2,3.7004400860171898,38.86078013135072,136.7965244111636
GJ9774,148,0,2.9072389104891125,1.2530200143480683,8.161333869169178
GJ9787,38,1,1.317467336111925,1.3808079608252404,7.424190302978077
GJ9797,33,0,0.9445508030984866,0.9234076814895686,3.805111451230864
GJ9801,30,1,2.1272502679697993,1.4439644417740671,5.6733827285717355
GJ9824,76,0,1.8695544626782898,1.3352338148455074,5.268996328887072
GJ9829,33,0,1.3739532565856503,0.7334350333603552,4.620520633207052
GJ9833,52,0,1.1480051946326413,1.1385266732374844,5.252950133537395
HD100508,37,3,1.6076139982837587,1.1261173646122404,6.005528454011045
HD10069,30,0,25.24708719825767,58.55861083115664,219.7388568136794
HD100777,32,6,3.2292875148753715,0.8033319072727967,8.381166351253686
HD10180,269,5,0.4310233393227348,0.9868235045219653,4.858757211919192
HD101930,74,1,0.8628632345776477,1.3697192809665921,6.345530571953997
HD102117,71,2,3.9547946609792333,1.2967853461997598,6.752048607602072
HD103197,61,13,1.8132246381675092,0.9174847904465461,3.400922142063491
HD103720,85,13,5.236391791436432,3.2562063555535694,43.10945253871705
HD103774,117,18,0.2047503730300648,2.1162040437001384,7.962992847850657
HD103891,94,19,1.6399770847779667,1.593536204649992,7.031917000206671
HD104006,41,11,1.1195522536127296,1.2215134193881556,4.0211008892808895
HD104067,87,7,3.2500758132596195,1.070398302891684,7.002125071254191
HD104263,30,4,0.8568107248768259,0.8017799982778588,6.78612261484243
HD104800,62,0,1.4696661513951261,1.091544821663844,6.798531319774903
HD104982,40,9,0.3138833034274789,1.0687180784304315,3.3454509697301624
HD105,41,0,0.35849193491724546,1.8366270259383604,13.755353926029107
HD105690,44,0,0.22245327287240393,1.9725506131646258,6.185707481297325
HD105779,57,6,1.371079739855698,1.362549620153394,6.763006975071664
HD10647,52,2,3.629868993324764,1.1448638844275663,10.829822214760723
HD10700,591,7,1.3191963366090584,1.381831522026984,9.79199703964118
HD107094,76,7,1.5567369043418782,2.835961607946662,15.074497252285337
HD107148,41,2,0.6960335632143405,0.9060011447317974,4.561163971642983
HD108063,54,5,1.487669832150226,1.9431033870680516,6.505635076332204
HD108147,39,1,0.5835055956318148,0.6494354717979003,6.447978873884603
HD108202,40,4,3.4374647079374587,1.2277979527734826,8.425980170865353
HD108341,62,6,1.0864964217773445,1.9862846534423841,5.986649479405927
HD109271,105,18,0.10438767970776931,1.2380331400161322,9.964699367833596
HD109988,33,5,0.9944733159127537,1.4537609884235665,7.790149963379
HD110537,39,0,2.132789990104558,0.8498844836037172,4.346820421439658
HD110557,33,4,0.10148221771890978,1.1576978900614938,7.57427904464586
HD111232,85,2,1.2144630423039684,1.164584063394531,8.152588894350579
HD111564,40,8,3.0036055416591507,1.3268639281788448,7.2792113937067
HD111777,113,6,1.0537098516667325,0.4768231794552189,3.1912019094945636
HD11195,56,0,0.18284471077339398,1.345147989337924,8.260943830869502
HD111998,58,4,0.5612584695030267,0.8782790708990622,7.219850811214834
HD11397,76,1,2.9479302806273986,1.2901999883128392,6.198093526518131
HD114076,93,3,1.1214452247655082,0.9047394466467451,8.750914378207437
HD114330,59,4,2.565612949292777,3.943309483619248,14.052753577123086
HD114613,155,9,0.7025805771873227,0.8546118864786,4.734468008188582
HD114729,75,2,0.8930322344555273,1.1088070305572977,5.8484193249377014
HD114747,31,2,0.17223236055515317,1.9394469632836886,7.4448602100462224
HD114853,136,4,0.8644249484519939,0.745831601144828,12.190148427562988
HD115031,41,0,0.011277472521644252,1.0959038852287786,3.730149744990543
HD115169,40,0,5.052649706649151,2.265876705263131,5.59083904770271
HD115674,39,2,0.030185828959930504,1.7406063356836818,6.9696510450206635
HD11608,52,0,1.788118467972067,1.9331807501456701,4.622139126947394
HD117105,30,3,3.364500858123324,0.6636671354309951,5.113436656380318
HD117207,111,1,4.968509726202683,1.262084671205624,9.923894064346912
HD117618,55,2,1.0417987090867828,1.4669322860879215,8.836953043793498
HD118466,30,1,0.3900823072316506,1.7302177497200515,7.208805837757869
HD119173,99,5,0.09102469022745652,0.8345251402631592,5.328969653848889
HD119291,32,1,0.0941864392314809,1.4119655143457215,9.619863194819008
HD11938,31,0,8.09280764793825,11.660909923351255,60.26873030445025
HD11964,106,1,1.3528311702650215,1.3514763522661402,5.149592332455907
HD119949,82,1,1.1858174088171343,0.9008505216831489,4.849626923977324
HD120344,34,3,0.5948843739317421,1.8516912018379714,9.030790671512294
HD12039,41,0,0.5622926490727617,1.3500000148282192,8.448425973371252
HD121504,46,1,3.8421651751647548,1.2159206812401337,4.8659262628483075
HD122194,62,0,2.8134870810177843,1.4955128161112143,5.508108780745996
HD12264,35,0,2.9204790020413594,2.0443855528215678,8.69883450385117
HD123265,36,3,0.6934526403573448,1.3014772679166926,8.17294044633691
HD123651,37,3,3.1819735771620206,1.0632124813807406,4.65070232002724
HD124523,46,0,0.46684862282161155,1.0423642915942901,6.605422100061579
HD125612B,67,10,1.2239259663759001,1.052257122117959,3.3529097641647083
HD125881,52,2,0.6792098377650433,1.4367312226148277,6.844233727157886
HD126793,87,5,0.022135511866960934,0.8957062086032457,4.641345855277795
HD126803,63,1,0.2707312419337027,1.8080366182968663,6.487258121139453
HD127124,32,3,27.523848747097837,13.212067016376995,53.81206058227563
HD129191,37,8,0.7855410248946689,1.6059264074357134,10.327604808629216
HD129642,132,6,0.2955693964453515,0.6440731335409855,3.1360776973640503
HD129814,34,0,2.9410082524210925,1.3003332736932611,5.908827063708108
HD13060,92,0,0.15431740168383234,1.046268711478736,3.521921417418577
HD131653,52,4,0.15564793695597148,2.134818305801853,12.08976829601482
HD131664,59,8,4.277855658029713,2.048628905951741,9.12583759501353
HD132569,47,6,0.6258413503569042,1.1486922961435226,8.087654493561525
HD13357,53,0,3.03314073203308,2.6626501073504825,5.087359649213564
HD133600,39,0,0.7866285828663062,0.3984756408413108,2.9665737228993967
HD133633,69,1,1.968475097297236,2.5965726794143853,4.826601016900407
HD134060,160,5,1.700733585246646,1.6707254393900448,12.58387497183428
HD134088,80,3,3.6617118324264184,1.3976616461980649,6.289099838905988
HD134606,219,11,1.6552684249477956,1.1859029998392885,8.082793267441941
HD134664,37,7,0.6064555311476246,0.4385621460970714,2.4576426535403937
HD134987,45,3,0.914005638870472,1.0084676687327216,7.225278674088915
HD135625,89,12,0.47860593859615624,1.3957560515799226,7.264167234514655
HD136352,241,7,3.3291562479413774,1.1304051377191102,5.723772345992791
HD136894,38,3,0.9564790518356965,1.0358399285226054,5.125583125700328
HD137388,94,5,32.14339888354634,77.6049851574505,184.76700422307943
HD13808,231,3,4.748342746197924,1.2288203909814825,4.63319316175033
HD138573,40,0,0.7404814369460306,0.8413232697842165,2.7010437767678255
HD138799,40,3,81.38949035277517,174.07097845037987,908.1606847454472
HD141624,59,1,0.4280532810019781,2.4248993435500266,7.922580010261867
HD142331,47,0,0.12788929548179118,0.9814444799566969,4.0164484516084125
HD143361,52,0,6.347229220561101,2.2156778121722507,6.313725086100946
HD143790,30,2,0.23139229643723513,2.4166913345374033,11.76810728009209
HD144589,38,1,2.025858973541913,1.0979821273561128,4.337458068063874
HD145377,75,9,0.3666783757513281,0.930395792114208,4.569340779634228
HD145598,39,1,15.543930110469947,12.913536581297166,18.901044054419238
HD145927,52,0,1.0544179136549545,1.2702448359870175,5.715015983398232
HD1461,275,2,0.9991086195187621,1.4981295691101666,7.474990820114081
HD14745,55,0,3.150313174376511,1.3937583618406526,4.8528630139603
HD147512,30,1,3.9037464385823744,1.261238562694118,9.564434060848908
HD147518,31,0,1.3647138897181117,0.9219229457303827,5.039366079345704
HD148156,56,6,1.972225434486511,0.9098978788441414,4.52705454750579
HD148211,73,8,2.813098844977658,1.260211207899866,7.000442249968797
HD149396,105,11,3.280953988589772,0.755148357697442,5.102166336878276
HD150139,47,1,1.4640248048785962,1.9565528013963425,7.12324289903569
HD150177,42,4,2.096418415925032,1.098080733064652,4.5537780931318785
HD150437,36,1,1.0628337826034073,1.3383747512306627,4.8803979058869755
HD15337,116,0,2.3886559668070855,1.6422072634122116,11.169119372164856
HD153950,63,5,1.4696093603937666,1.2567216713436093,6.679491443781395
HD154088,188,5,0.37183514567949627,1.6089795056827965,8.228271987413452
HD154221,31,0,0.05447800550091215,1.0564871566163716,10.643866445904745
HD156079,42,3,0.46651141242660055,1.2746742794265091,7.412314548020073
HD156098,80,3,0.3866253924976378,0.928117789136425,7.447582327114284
HD15612,45,0,2.3035288948536197,1.4954912950921395,8.464368288012604
HD156411,57,6,0.10024415686567466,1.2563618948709347,6.162165542962463
HD157172,123,5,0.47459995889808004,1.4593867361875716,9.581316139106862
HD157347,102,0,2.030282735411405,0.6567488395400234,5.979063965026846
HD157830,63,6,0.9998082010680079,1.3461061182628864,5.289038217920765
HD16008,105,2,0.19079093720600576,1.7840518724476575,7.758118550764323
HD161098,170,3,0.2832600201794745,0.9365703919639062,6.156861378260544
HD161566,57,3,3.308532295600055,1.717102486341275,6.795712378838095
HD16280,71,4,0.7369074379833285,1.6248683297727577,7.248978884063091
HD163441,34,0,2.046917492700528,1.715793335280702,6.42755739105499
HD16417,131,0,1.0396508876408892,1.4355761055678615,6.835429929659892
HD165131,68,1,1.427484604479372,1.261282121513954,11.614518780080237
HD165155,36,0,2908.9816981152053,890.9565159486633,4110.081062761426
HD16548,51,2,0.07400009370819836,2.555781993637586,7.091874698100724
HD165920,34,2,0.6479941749490555,0.6822631090734455,5.330305080537599
HD166724,56,3,0.2637753362717283,1.8199550582122241,5.418244132367945
HD167060,54,0,1.5901312649840598,1.8283503878349268,5.530999239945082
HD167677,43,4,1.3010047738177353,0.7734420342901238,4.634087203364063
HD168863,75,3,3.853483213348208,1.601006935531159,9.66987408135915
HD1690,47,0,0.7388975905138427,1.021473290210745,6.097603353690116
HD16905,57,2,3.275222941123088,1.0831157994035818,4.447820952028119
HD171028,74,2,0.09790270660311078,0.6481565525615455,4.308278905989039
HD171587,51,2,1.6992502681592871,1.514247726859978,4.849703285475293
HD172513,43,0,0.5769771519398212,0.6911740136726128,4.636810396046348
HD172568,68,0,2.132583096444637,3.105325902272642,6.097107414020349
HD17439,36,4,2.5974782497515654,1.136741115304008,5.813791993547082
HD17548,40,0,3.6780336537216662,2.775274959388411,6.976548659863262
HD175607,115,1,1.6791699146899561,1.183469330133031,7.597980196647419
HD176354,73,4,3.7107869309138444,1.3063564064722635,6.347066768568646
HD176986,182,2,3.742612213524188,1.0125924298327735,5.418488699775466
HD179346,43,1,69.30764938119059,84.29157904750485,483.6772243773855
HD181433,189,4,0.8390453851975321,0.7753869902569502,4.015812125447759
HD181720,85,3,1.7977199872298504,1.249022015136616,7.87972720675071
HD183216,46,0,0.08233349511604743,2.0817380564219494,7.246718899163168
HD183579,70,0,0.12713210975621006,0.9088033729495075,4.407450788048405
HD185283,80,2,0.3697295597101364,1.786377698138673,5.203487234927197
HD18599,81,0,4.121202265010991,1.7330498643005758,12.692005870048877
HD188815,41,0,0.6345818188200429,1.4128628655184339,5.616303002354132
HD190647,57,1,0.3954326217512267,1.2196092977474589,5.207902868639346
HD190984,58,1,0.2085602335733803,1.2513523099149078,3.815791360414928
HD191797,44,1,75.25089346001428,63.371571042314535,315.4575656161675
HD19230,66,4,2.8116488687097063,1.6482945169453513,9.239431901601757
HD192865,36,0,0.08799305698629281,1.321794425690408,7.922810880477896
HD193193,54,0,0.7389977774907652,1.8200609508215744,7.978787946622378
HD195145,42,4,3.1569622552441383,2.2132452323425538,11.612663447157324
HD19518,35,0,1.9874425774857953,1.566813941803037,5.144891408323018
HD196050,53,1,2.0149401666428886,1.4454092909416454,6.193867640265944
HD196390,54,0,3.6596884212129335,1.475252322069453,7.740292127273448
HD19641,78,8,1.2158582936129136,1.1592999815472291,4.432519584648838
HD19668,35,1,3.6617405455075294,1.2636773286186151,11.322349912067036
HD196800,40,1,0.20440450726415949,0.8716175327311808,4.200535594743994
HD197027,73,0,1.5720728814317202,1.5879466159455742,6.633883036646935
HD197083,38,0,3.770512683814109,0.8522369495565316,5.5299815033836675
HD197197,96,1,4.5853682932095925,1.5553445514500432,7.578334808554321
HD1979,30,2,1.289502493395995,1.7415920153547664,9.319338205481344
HD19827,74,0,2121.860478510528,16793.930516898108,74123.65156621972
HD199289,66,1,2.8308862099847487,2.0507652160652787,5.311914604543138
HD199604,74,0,1.159309003182681,2.4446145649196147,8.633616749249992
HD199796,33,0,16983.562662673314,29129.449849767458,120728.94185127688
HD199847,99,0,1.5615267355646014,0.7795418866825601,3.647596241003519
HD199960,31,0,2.226191808439378,1.453838775800147,4.368532305757718
HD20003,198,1,4.902969474443207,1.4383708418379109,5.049573925711864
HD200143,30,0,5.508081606747247,1.2248415307653642,5.399516172199332
HD200349,32,2,3.2591043847414514,1.7603885161710051,7.0920953284016734
HD200538,47,2,4.394491694102756,1.2499553570502675,5.620314031546484
HD200633,53,0,0.5701549941401468,1.1021423759450775,7.291592293235613
HD202206,79,0,14.996448778048514,6.87733674547154,28.0753584753541
HD202871,56,2,3.8714411957215438,1.577432096257481,7.906828391200068
HD202917,31,0,1.4067578860572856,1.4651795561421712,6.820744554939851
HD203384,34,0,0.6779919517308518,1.1279412211064788,4.686658704414127
HD203432,38,3,1.1930172245407453,0.8073886076298558,6.45692533603443
HD204313,119,1,0.06785978750616409,0.9364638442489983,4.396279839005968
HD204941,96,1,0.9829468309302694,0.9136475692021335,6.292096289515555
HD204961,180,2,1.5022137291636277,0.7046859354942274,4.820309861605013
HD205294,51,0,1.6516424712056468,2.102512297829711,3.8632578498769665
HD205536,75,0,1.911045813495899,0.823760623538214,3.0628161589712946
HD205739,33,0,5.147314056962758,1.6178794078706331,7.081888162491637
HD206683,32,0,2.7191939245581955,2.2297051114151607,6.4134722710786995
HD206998,88,0,0.5764360191480792,1.0905536163920793,7.147255307419212
HD2071,86,0,1.9109568916916093,1.3046176836659962,6.000529571966824
HD20781,227,1,2.037068573649343,0.7800254818913177,10.151342791420367
HD20782,83,0,1.0381249204418208,1.2103286779245837,5.3483795798936855
HD207832,62,0,0.7277570561669128,1.0302485265737338,7.262735583203667
HD207869,79,0,1.0006044431401118,1.1574293964947935,7.731258859046574
HD20794,619,12,3.012103323281463,0.7679787865694591,5.86618797161151
HD208,38,0,2.9304096369415285,1.1062921120419644,5.410070416288618
HD208487,55,1,3.5767263267339984,1.7218933504568614,3.6682892562698024
HD20852,48,5,5.032784250428602,2.2311772324471146,6.522258178450122
HD20868,72,7,29832.862896294613,5971.719904128041,47550.17825859675
HD208704,72,0,1.0019414350405895,1.357352421198078,6.234840279091001
HD209449,30,0,12151.947910500421,3329.9132049388236,20890.304668289446
HD210277,48,1,1.2989240432046507,0.9253130726589058,5.74367012522479
HD210752,43,0,4.858087777849979,1.1066993652787116,6.450283851069713
HD210797,42,3,1.565815928885821,0.9386792442879733,5.302681518449219
HD21132,92,8,1.0703663170177014,0.7647777261625562,7.550540794556913
HD212036,53,0,906.7968510657233,177.89952503625122,582.8238185553746
HD21209A,64,0,2.523320418470398,1.2592272717645803,3.5970450749440794
HD212918,32,0,0.03013234954825944,1.2484211042173519,5.378359951433912
HD214094,34,1,2.888130017118066,2.2705825552660075,11.568695989339282
HD215257,33,0,0.2044494892253104,1.3302016407833415,4.724988512901275
HD215497,107,2,1.1143949771540322,1.5094691869923436,8.515886754569042
HD215641,43,0,77.93581256212094,58.12221795744722,126.86687733714042
HD215906,43,0,4.748665982262624,1.592996238030852,5.561595513257322
HD216435,53,0,2.630933029212967,0.9725037263114247,4.5683707437804
HD216437,61,0,1.7040109903179912,0.4026177739509446,1.879048967359153
HD216770,63,0,0.9369835641118449,1.1121589097810323,3.894748971319796
HD21693,219,1,2.1686168287170235,0.9505124655577543,8.40239463693671
HD218340,53,0,4.305411611602934,39.76829665932527,1335.1433542386246
HD218504,61,0,0.8921611712837638,1.4896444112627674,8.321836783159402
HD219057,52,0,0.1756005342833963,0.8672319897656724,5.372861749049523
HD219828,93,0,2.0622148884261646,1.538504381093408,2.567765494633949
HD22049,97,2,0.8535560197366807,1.4065701546817273,3.8584986274877777
HD220507,205,0,1.2652179977511888,2.2711112210152615,8.543612015862966
HD220689,34,0,1.66562060263915,1.727706074006118,7.268645325841384
HD220894,32,1,0.84191622966533,1.9286314612780218,9.0288104593908
HD221503,49,0,0.27823267945659974,1.0151095546414213,4.738322469775699
HD221580,48,1,1.83766240771576,0.6788903179294478,6.359850934749611
HD221638,53,1,9.749428869423857,3.29855008266511,13.611011547233375
HD222480,33,0,7.065016236727549,1.567722403115093,5.2170649692554605
HD222669,67,2,1.4367033878906315,1.9285609002085735,9.131910089897405
HD223171,144,1,1.6018569020265367,1.3542210558633239,8.247191114992257
HD223238,43,0,0.3953756199759594,1.0789479678626948,5.786148687250551
HD224383,46,0,1.3069690948032673,1.4042896358846926,7.149788689109726
HD224619,31,0,0.6037088238547751,1.4052080282076629,5.540014679465722
HD224685,56,0,0.17725802934434198,1.7912741481462775,5.402440427173122
HD224789,38,0,1.4718034459027962,1.4164096753228472,6.604804490136017
HD224817,102,1,0.6105411704036772,1.2258212721855244,5.668062541218197
HD23079,34,1,3.4960130065248456,1.7646669427518422,5.422900173180198
HD23472,37,0,1.1820714848085838,0.931643047590186,3.754771803104249
HD23901,49,1,0.2633546868475426,1.4100488446678408,6.561030283920535
HD24062,53,0,0.7230734073263104,1.659466680355329,5.416102874575517
HD24112,40,3,0.1674724542264398,0.9697492829059337,7.061247957065812
HD24331,30,0,0.794469859661072,0.7353881262364068,3.355245335453121
HD24633,61,5,2.202404142016296,1.2104373925743879,5.479780815061005
HD25171,62,5,1.9202520118990416,1.2073070902330671,8.502273238499521
HD25912,34,1,7.505965520278392,1.6455525932208217,9.066586360703731
HD2638,35,0,0.31658168218555793,2.260549414085248,10.80706735944255
HD26923,38,1,10.034082104191958,2.1469688238185825,6.709782044474307
HD26965,99,6,0.0966737540126279,1.0595455938868008,5.508390759770987
HD27063,41,3,3.690768800528028,1.5779452263451494,5.127878973219532
HD27894,54,0,0.02134251805878068,0.864630822555359,4.49308223133809
HD28185,49,0,0.2940502305384714,1.1710534525523324,4.583816159302069
HD28254,67,10,0.3040147677512927,0.8240852152543222,7.511049235980419
HD285968,106,6,0.3861974560977156,0.7974641861158119,2.192115130705517
HD290327,48,6,0.9479232500971074,1.4084192581583808,7.45121739473118
HD290498,83,0,0.657308264356271,0.7736669244155461,2.5104507704890238
HD30053,38,2,3.0396312533871934,1.7374582827960114,5.014823442502869
HD30177,54,1,1.7396586481353475,0.8263249647896211,5.610774894786079
HD30306,35,0,0.5304978880634827,1.3936162798875509,7.790976595510209
HD304043,56,6,1.33585471924026,1.3934129372093782,6.2508247444827
HD30669,76,8,2.781849768501142,1.726256423164472,6.915651894658121
HD308357,34,3,3.5217774770800303,1.5904749831473621,9.795085736487351
HD31103,80,16,0.7544803818199153,1.340341776785856,10.272671008513276
HD31128,197,1,4.401775206210231,1.2448070466671468,10.234606740819597
HD31527,256,0,0.7760743660197379,1.1066976563735678,6.6528678620159925
HD31532,46,3,3.143792292650341,1.4853460966655745,8.21800616150059
HD31822,86,2,4.429334237049806,2.070544249951543,7.685816791454331
HD3220,60,2,0.6223641725145791,0.6130126906240806,3.6802591470142856
HD32564,193,3,0.3438284170997682,0.741646483078683,4.222598842996492
HD32724,33,0,0.5279341772416853,1.3219041656096855,8.528727096824806
HD330075,37,2,0.8086532419859165,1.7019333074827534,7.292011219479731
HD33142,37,0,0.17058784184340492,1.042767312011304,6.263838833637706
HD33473,52,5,5.624615077299178,1.675950124495166,8.353995682320805
HD35650,41,0,1.9143827816199266,2.748356627556677,9.751398798355924
HD36152,64,0,0.9204130299839594,1.0329291861134422,7.549248699514059
HD36379,137,1,2.5848948550579047,0.9146435927553351,4.165080673721452
HD37226,38,5,1.3373533402295459,1.3799276694827445,8.427930937804632
HD37990,51,5,2.380995032991069,1.6466965900554844,12.237635968423524
HD3821,34,0,5.50407892204584,2.147116736210843,10.20084301406187
HD38459,34,0,6.2753644836667375,3.7579457404546996,11.73085652012564
HD39091,211,4,2.2068782552095496,1.2192479803240737,6.4712648724148165
HD39427,31,5,0.9832041196246296,1.8244134735720428,7.58645071219613
HD3964,65,0,5.126782513824516,1.4530098552883755,8.121501288592455
HD41248,163,5,0.2829593084477153,1.074132116447866,3.933896221429078
HD42581,197,5,1.5283022660628824,0.9896224414899898,5.545853203145291
HD42618,45,0,0.00448298701539705,0.4184983562821305,2.511545975129857
HD42936,34,0,17.60343610059602,6.306779008409288,36.69528155732122
HD4308,141,2,4.136941648923838,1.1175504055841339,10.387686535308216
HD43197,51,14,1.1566659577924032,1.5747551715430999,8.041826069847636
HD43834B,51,4,2.601538563197606,0.8323736624676186,4.448355578660499
HD44219,65,18,0.7554121193761596,1.3830696416156594,8.161420515833345
HD44447,34,0,4.171494866592292,1.3711218906837181,7.774517031282116
HD4457,76,4,35.32453771826626,42.6733005824391,246.10564411966496
HD44665,39,0,1.0214207852693296,0.9470615890886931,4.2846420614246785
HD45184,218,3,1.90365260952549,1.1127637457949247,10.504822177420843
HD45289,65,1,0.8895458182763859,1.6636776022276507,7.554669190174476
HD45346,39,0,0.7559930264512938,0.852766083551347,4.059063673822257
HD45364,114,4,2.3224148671193943,1.2436983858980155,10.228107827182415
HD457,96,1,2.1798249326083177,0.9204391998497667,4.969050349132015
HD47186,147,5,0.5901847626064848,2.488771319930895,6.2677236267221295
HD48115,59,19,2.9353011998586904,1.693427040299091,4.54525741376397
HD48265,72,0,0.9080856546817101,1.4946522421659831,5.056666185821899
HD49035,39,11,0.16118187626844413,0.9815547317576605,3.7767832026430055
HD49105,38,0,3.456837545765014,1.563712297640627,9.834875195339219
HD4915,95,1,0.07930070962721159,1.1799317889723469,5.061440622963126
HD50499,42,0,0.7125771571243515,0.8553119086419695,2.86836106097436
HD51754,53,1,1.8615370433926257,1.7893952173152314,6.497535248216823
HD52265,56,0,1.3476516151594504,0.9242360433913185,3.435183235311029
HD5388,78,6,0.9259282980903681,1.074775163141382,6.174684159436941
HD54351,33,3,1.3247824372070771,0.8129483079850459,6.136882125722968
HD55693,46,0,0.013191706984384804,2.1113306168742394,6.925831252793204
HD56380,98,15,1.6606301425973047,6.770912853873641,52.960817279656396
HD564,106,5,1.806392321825234,1.1155809195733972,12.667693017706785
HD59711A,69,0,1.3282705425307202,1.4561755470905906,11.352391764149242
HD61051,67,15,0.9838415992605124,0.9166746948718736,6.797214981642591
HD61383,65,12,8.089223097658431,2.192075192489461,9.555431243045083
HD61902,33,1,3.0581555318188736,2.152645689491683,7.2769909069239045
HD61986,92,1,0.5991580719639215,1.3668127712235276,4.853713336576602
HD6204,39,1,0.7639065788871342,1.5831494693446218,8.32490547059947
HD62128,41,4,7.092436330534039,8.157369285594658,38.92155118199408
HD62364,68,9,1.570969145482702,1.3791569798691536,12.224958030202107
HD63454,41,1,4.775156672575591,0.5546212324280686,5.055050513138792
HD63487,33,0,0.014349740222026367,1.4112289247320933,6.553147489871606
HD63765,81,6,5.926337084392265,0.8779378987022561,5.195791143859003
HD66040,57,12,0.9708597351942799,1.1728269062253784,8.393676465103166
HD66340,32,12,0.8494140436011008,1.3648231399818802,6.4692330117028645
HD6718,71,1,2.0413779541705734,1.308721578507465,7.993755074995729
HD67200,40,3,1.5052885326376593,0.8148567361260566,4.611352270119193
HD68168,34,0,1.8045076058073402,1.129126232070639,8.184666157619581
HD68284,44,1,6.438143512852719,1.3277863250268134,5.23239923036569
HD68607,43,7,0.727172976974442,1.3260790775257307,5.350671736509357
HD68978,114,8,3.2299198297674945,1.4744333853230942,6.5732674454471285
HD69611,69,2,0.15835794383087023,1.1924819346367974,6.350593967894783
HD69655,33,0,0.6071256338002639,0.6996417601034943,5.912438114446369
HD70642,48,0,1.4744277806697128,0.6828440671467879,7.1972575744597345
HD71835,152,5,0.7647629313666363,1.16914783624543,5.7369488864018825
HD7199,127,2,0.26153034038168155,1.2505141032325073,7.054434271831199
HD72659,65,7,1.301845215275279,1.4242836241434569,7.4804939966021715
HD73267,76,19,2.149833172080245,1.2134996219745058,7.518810718520975
HD7449,117,0,2.321727930708434,2.1317820718989164,9.32713623724833
HD74698,132,34,3.130425881728325,1.6442769488546536,5.018634176521245
HD74957,48,4,4.6670490478768984,1.3375198686899776,11.034403269946889
HD75302,35,0,0.0053430750250346324,0.5071294350014457,4.220743469219776
HD75530,32,1,0.22955309909904,0.8485972331410669,5.801635314506419
HD75881,31,6,0.9590679076679796,1.7585658756062674,5.8876508710038875
HD76188,32,0,4.404986125185166,3.29561903042576,6.187758905167789
HD76700,42,0,1.210105631816019,2.866442933745338,21.282056644351666
HD77110,95,1,0.029911637074663967,0.4348130939610021,2.541876793040728
HD77338,81,9,0.9304951796703571,1.231779022659471,3.584273006244205
HD78286,38,0,3.0589276483042576,2.942630105889559,4.2828719436650955
HD78429,139,6,0.9240171314100442,0.7731733939917831,6.268152200652766
HD78534,32,0,4.858642789162289,1.6935079121173873,4.909820073870719
HD78558,43,1,1.18122536477549,1.3638329010173598,6.487418842676392
HD78660,37,0,2.2284299443225875,0.999319586218349,6.44592583244118
HD78747,61,0,1.8073864216802942,1.7258240474464572,7.40859484910866
HD79601,84,3,0.3053387299285578,1.516362124680568,6.5776897063537705
HD81767,37,20,2.071866233120888,2.164520305596897,5.425790366294764
HD82516,140,16,1.6418281252341491,1.3053359066604693,10.365596560535659
HD82943,122,5,1.127308961048674,0.9413382029187256,5.7425002358036545
HD83443,51,4,0.7125771910205603,1.6775778585267358,8.55576007570781
HD8535,58,8,4.802116535633746,1.292496754992194,6.236469251619938
HD85390,114,6,0.24540578427824125,1.2058409315354137,7.595767619094103
HD85512,582,17,3.304099141378199,0.5656031899797324,3.2708601698187403
HD85725,87,20,1.4072738228066117,1.5372684562847883,8.537709197022483
HD87109,42,1,1.306290514998972,1.8876453626785443,6.710013236466312
HD87833,31,1,0.16449575701974856,1.4210004320713565,5.692956865040312
HD87838,155,9,3.8381643646490797,1.7705038113621887,5.633730996322626
HD88072,40,0,0.3115162195579436,0.9836104246036619,5.540037268599347
HD8828,80,0,0.7328457457493063,1.3488632202926625,9.32867565083819
HD89454,50,3,4.284744921888459,1.3654353221736226,6.43601104041024
HD89839,87,18,0.38112699468580935,1.0767501578543948,6.6258857363279855
HD90156,130,9,2.0808735108226943,0.6343238082411449,6.125702057102975
HD9174,31,0,0.36061401724411146,1.1237254816347013,5.018468357411932
HD92719,67,3,1.1436255359051686,1.0707162556199337,6.607914171212865
HD93351,36,7,0.7101024470229219,1.2301849910966696,8.162749157914591
HD93385,241,9,5.846578996013201,0.9924009842832301,5.12548858694682
HD94151,54,1,4.420259975637172,0.681580957685266,4.377091618531015
HD94771,122,20,0.2553155539689066,1.3428290764459425,4.883889931906634
HD95456,149,6,1.224124070595073,1.516035672815804,13.361975434577925
HD95542,82,19,5.272028617538074,1.174605882402394,7.074563175544534
HD9578,80,8,0.03580369389428176,1.2125054592329176,7.292454901972744
HD95799,48,3,0.1908917530378234,1.3554539152768714,5.908114273980035
HD95879,31,3,1254.7974069987656,855.5108206734582,1560.3803251905135
HD96116,39,2,3.215865394678388,1.2423826441849937,4.617252302454811
HD96423,78,0,0.2946602685241985,1.31980044428642,5.379191982632972
HD96445,46,3,0.10330930505149921,1.4635423122317515,5.734159438107272
HD967,72,0,1.1064439608536187,2.067400823525242,10.684683825038363
HD96700,237,19,2.920450776584485,1.2707483245028102,3.8285736929700906
HD97037,65,0,3.1850426092099897,2.1299117207216085,5.033522806513938
HD99492,33,0,2.17344748818138,2.0970817515130906,3.2878566738811483
HD9986,44,1,2.51713673030352,0.8497485693496606,3.241285369747008
HIP103019,31,4,72.29450106998114,71.68033604760703,217.72810921500766
HIP103039,147,2,0.22895862387331858,1.2329737807652164,4.092369905181172
HIP107133,35,1,933.9460038971557,478.80070714494957,1664.4151340395229
HIP108095,34,0,4.358424477392874,3.8525430182561973,16.585572541886158
HIP111978,38,0,1.5400454517877886,0.821037815622099,4.5288521191348865
HIP112414,144,3,2.7432715186726186,1.4450056819659953,14.859680191058672
HIP12961,49,10,3.166730972840795,0.8411942916219003,8.074470393916583
HIP17157,34,1,4.794379702616136,1.2256682777441372,5.450932748244542
HIP18918,46,2,2.7477637616508708,1.4983064732497473,7.028578591019442
HIP2247,31,3,1.1224792247082493,1.3108495469640542,8.037491230887326
HIP26013,72,17,0.7414643869293408,1.2716865315580295,5.8027662244106715
HIP29788,43,1,0.8319274023313249,1.606245350603709,7.64253986347952
HIP32393,38,2,1.6050073090200905,2.403650976605088,7.396418098469492
HIP32812,30,6,0.5335727945506031,1.2667040909052907,7.16210669361736
HIP39470,33,10,5.697081159877251,3.191367333227715,18.00602164030271
HIP40459,32,14,0.18644989473512413,2.343831710224041,7.076965403696456
HIP49067,109,34,0.1614639246342679,1.1204593416585342,4.707985518077873
HIP54597,67,13,1.2897943849335867,1.5872089672643803,10.395752555662686
HIP58289,31,8,1.505654296782786,1.7557703456653933,7.028348672605528
HIP63157,42,10,0.4463618470816063,1.243624138667709,6.164745984540546
HIP63719,34,2,1.0581389086402757,2.4972477693623922,15.08486097438717
HIP78395,31,3,2.830376493459157,0.9370318862353326,7.736049514049997
HIP80683,47,11,0.057285140817107394,0.7824986986082372,4.55653156160656
HIP8361,45,2,0.8469561479322976,1.5202483157393292,6.716000309038988
HIP948,33,1,6.207052614900997,2.0674767359499917,9.716488941088885
HIP95903,34,2,0.46168801925207875,1.919368160279086,5.1621192439026276
HIP9603,42,0,19.9478023123868,9.995139583903024,98.03741778905231
HIP9786,176,0,1.1719244510252764,1.5466467272785673,16.03302548312133
HIP98106,36,0,4.1355338517787725,1.813919170715208,7.6036261552885644
TYC524-2528-1,30,0,19320.43444715251,12101.806551465233,39047.24922189402
TYC5600-377-1,46,0,40595.787385393756,17560.238279841295,65933.43956190305
TYC6637-975-1,35,0,68208.65412362208,20149.722752787762,110698.54502105564
TYC7063-637-1,38,0,11454.766840056,9062.829899686138,41036.3189059992
TYC7243-1498-1,37,0,27253.48985789692,46705.30225109625,113860.49553430005
TYC7284-224-1,35,0,9722.326884033255,12661.961405425896,59530.0081086159
TYC7730-223-1,31,0,14088.916867835294,3100.421287023122,59559.86644339604
TYC7931-842-1,30,0,6825.332891583908,12101.461486923406,49242.47543960548
TYC8233-2595-1,35,0,3555.283196587741,10741.4058680864,29818.748088276174
TYC8502-1226-1,30,0,710.9095264255122,2001.2478317536043,13550.337296208107
TYC8522-455-1,30,0,14445.699488135124,22443.982305864993,137993.8672800456
TYC9177-541-1,30,0,6.6665716701810895,7.8755184417862125,31.35319375822513
